{"loss": [8647002.616150586, 6151212.93173779], "mean_absolute_error": [871.0631038699662, 2232.0963227756097], "mean_q": [-590.86734892361, -1965.2335739310904], "mean_eps": [0.6954082101203048, 0.17500229589512176], "episode_reward": [-18421422.17999986, -8310429.100000031], "nb_episode_steps": [65334, 65334], "nb_steps": [65334, 130668], "episode": [0, 1], "duration": [2933.201626717, 2925.5998848829986]}