{"loss": [17667109.754015625, 14902726.968344497], "mean_absolute_error": [2118.453871809382, 4467.284011579711], "mean_q": [-1696.2316764291643, -4026.3696701344547], "mean_eps": [0.6954082101203048, 0.17500229589512176], "episode_reward": [-30287001.799999654, -18316065.530000262], "nb_episode_steps": [65334, 65334], "nb_steps": [65334, 130668], "episode": [0, 1], "duration": [2897.380796948, 2891.379357236]}