{"loss": [4642887.202628478, 3661169.792614093], "mean_absolute_error": [9204.202146767855, 5258.471601700314], "mean_q": [9749.97850652859, 5609.072077233816], "mean_eps": [0.6954082101203048, 0.17500229589512176], "episode_reward": [-12939207.790000008, -11672727.319999946], "nb_episode_steps": [65334, 65334], "nb_steps": [65334, 130668], "episode": [0, 1], "duration": [2445.340584059, 2415.6507611360003]}