{"loss": [1468228.2870076837, 1206523.6693089246], "mean_absolute_error": [224.85376832642538, 607.1695178419586], "mean_q": [-115.89555229978993, -499.922429882382], "mean_eps": [0.6954082101203048, 0.17500229589512176], "episode_reward": [-5949225.710000055, -5985086.260000026], "nb_episode_steps": [65334, 65334], "nb_steps": [65334, 130668], "episode": [0, 1], "duration": [2756.7590469710003, 2781.5210096759997]}